{
  "total_birds": 10975,
  "categories": {
    "diving": {
      "count": 4080,
      "percentage": 37.1753986332574,
      "target_percentage": 12.0,
      "avg_wing_length": 165.8235049019608,
      "avg_aspect_ratio": 1.793230000385586,
      "avg_category_score": 3.6434043503506186,
      "top_bird": "Cypsiurus_parvus"
    },
    "generalist": {
      "count": 2410,
      "percentage": 21.95899772209567,
      "target_percentage": 20.0,
      "avg_wing_length": 106.29186721991702,
      "avg_aspect_ratio": 1.2620092262843512,
      "avg_category_score": 2.414561905121977,
      "top_bird": "Urotriorchis_macrourus"
    },
    "soaring": {
      "count": 315,
      "percentage": 2.8701594533029615,
      "target_percentage": 15.0,
      "avg_wing_length": 240.39523809523808,
      "avg_aspect_ratio": 1.3816867739747287,
      "avg_category_score": 3.1574506273276204,
      "top_bird": "Leptoptilos_javanicus"
    },
    "maneuvering": {
      "count": 3868,
      "percentage": 35.24373576309795,
      "target_percentage": 25.0,
      "avg_wing_length": 85.05517063081695,
      "avg_aspect_ratio": 1.1473102560693818,
      "avg_category_score": 3.2010599910956787,
      "top_bird": "Casuarius_casuarius"
    },
    "hovering": {
      "count": 302,
      "percentage": 2.7517084282460136,
      "target_percentage": 8.0,
      "avg_wing_length": 53.149337748344365,
      "avg_aspect_ratio": 1.2576955819709763,
      "avg_category_score": 2.5562843759899834,
      "top_bird": "Myrmotherula_iheringi"
    }
  }
}